13	cs/cleartext-storage-of-sensitive-information	high	SakerLabb.Web/Data/UserRepository.cs:28	open
14	cs/command-line-injection	critical	SakerLabb.Web/Services/ImportService.cs:57	open
34	cs/ecb-encryption	high	SakerLabb.Web/Services/CryptoService.cs:26	open
35	cs/ecb-encryption	high	SakerLabb.Web/Services/CryptoService.cs:39	open
23	cs/log-forging	medium	SakerLabb.Web/Controllers/AccountController.cs:64	open
24	cs/log-forging	medium	SakerLabb.Web/Controllers/ApiController.cs:124	open
25	cs/log-forging	medium	SakerLabb.Web/Data/TicketRepository.cs:29	open
26	cs/log-forging	medium	SakerLabb.Web/Data/TicketRepository.cs:29	open
27	cs/log-forging	medium	SakerLabb.Web/Data/UserRepository.cs:28	open
28	cs/log-forging	medium	SakerLabb.Web/Data/UserRepository.cs:28	open
29	cs/log-forging	medium	SakerLabb.Web/Services/FileService.cs:18	open
30	cs/log-forging	medium	SakerLabb.Web/Services/FileService.cs:18	open
31	cs/log-forging	medium	SakerLabb.Web/Services/ImportService.cs:45	open
36	cs/path-injection	high	SakerLabb.Web/Services/FileService.cs:19	open
1	cs/sql-injection	high	SakerLabb.Web/Data/TicketRepository.cs:26	open
3	cs/sql-injection	high	SakerLabb.Web/Data/TicketRepository.cs:38	open
4	cs/sql-injection	high	SakerLabb.Web/Data/TicketRepository.cs:48	open
7	cs/sql-injection	high	SakerLabb.Web/Data/TicketRepository.cs:71	open
8	cs/sql-injection	high	SakerLabb.Web/Data/TicketRepository.cs:80	open
2	cs/sql-injection	high	SakerLabb.Web/Data/UserRepository.cs:21	open
5	cs/sql-injection	high	SakerLabb.Web/Data/UserRepository.cs:46	open
6	cs/sql-injection	high	SakerLabb.Web/Data/UserRepository.cs:62	open
9	cs/sql-injection	high	SakerLabb.Web/Data/UserRepository.cs:72	open
10	cs/sql-injection	high	SakerLabb.Web/Data/UserRepository.cs:82	open
11	cs/sql-injection	high	SakerLabb.Web/Data/UserRepository.cs:91	open
12	cs/sql-injection	high	SakerLabb.Web/Data/UserRepository.cs:99	open
15	cs/unsafe-deserialization-untrusted-input	critical	SakerLabb.Web/Services/ImportService.cs:40	open
33	cs/web/cookie-httponly-not-set	medium	SakerLabb.Web/Services/AuthService.cs:25	open
32	cs/web/cookie-secure-not-set	medium	SakerLabb.Web/Services/AuthService.cs:25	open
16	cs/web/unvalidated-url-redirection	medium	SakerLabb.Web/Controllers/AccountController.cs:33	open
19	cs/web/unvalidated-url-redirection	medium	SakerLabb.Web/Controllers/AccountController.cs:53	open
17	cs/web/unvalidated-url-redirection	medium	SakerLabb.Web/Controllers/FormsController.cs:25	open
18	cs/web/unvalidated-url-redirection	medium	SakerLabb.Web/Controllers/FormsController.cs:32	open
21	cs/web/xss	high	SakerLabb.Web/Components/Pages/Login.razor:10	open
22	cs/web/xss	high	SakerLabb.Web/Components/Pages/Tickets.razor:21	open
20	cs/xml/insecure-dtd-handling	critical	SakerLabb.Web/Services/ImportService.cs:27	open
